{
"Air":
    {
      "coefficient": [0, 0, 0, 0, 0, 0]
    },
"LASF46B":
    {      
      "coefficient": [2.17988922, 0.306495184, 1.56882437, 0.012580538, 0.056719137, 105.316538]
    }
    
}